trialID,cue,trialDemand_learning,nBackLevel_learning,choiceID,cueLeft,cueDemandLeft,nBackLevelLeft,cueRight,cueDemandRight,nBackLevelRight,cueDemandMid,nBackLevelMid
1,cue2.png,easy,1,,,,,,,,,
2,cue1.png,hard,3,,,,,,,,,
3,cue1.png,hard,3,,,,,,,,,
4,cue1.png,hard,3,,,,,,,,,
5,cue2.png,easy,1,,,,,,,,,
6,cue1.png,hard,3,,,,,,,,,
7,cue1.png,hard,3,,,,,,,,,
8,cue2.png,easy,1,,,,,,,,,
9,cue2.png,easy,1,,,,,,,,,
10,cue1.png,hard,3,,,,,,,,,
11,cue2.png,easy,1,,,,,,,,,
12,cue1.png,hard,3,,,,,,,,,
13,cue2.png,easy,1,,,,,,,,,
14,cue1.png,hard,3,,,,,,,,,
15,cue2.png,easy,1,,,,,,,,,
16,cue2.png,easy,1,,,,,,,,,
17,cue1.png,hard,3,,,,,,,,,
18,cue1.png,hard,3,,,,,,,,,
19,cue2.png,easy,1,,,,,,,,,
20,cue2.png,easy,1,,,,,,,,,
21,cue2.png,easy,1,,,,,,,,,
22,cue1.png,hard,3,,,,,,,,,
23,cue2.png,easy,1,,,,,,,,,
24,cue1.png,hard,3,,,,,,,,,
25,cue1.png,hard,3,,,,,,,,,
26,cue2.png,easy,1,,,,,,,,,
27,cue2.png,easy,1,,,,,,,,,
28,cue1.png,hard,3,,,,,,,,,
29,cue2.png,easy,1,,,,,,,,,
30,cue2.png,easy,1,,,,,,,,,
31,cue1.png,hard,3,,,,,,,,,
32,cue2.png,easy,1,,,,,,,,,
33,cue1.png,hard,3,,,,,,,,,
34,cue1.png,hard,3,,,,,,,,,
35,cue1.png,hard,3,,,,,,,,,
36,cue2.png,easy,1,,,,,,,,,
37,cue1.png,hard,3,,,,,,,,,
38,cue2.png,easy,1,,,,,,,,,
39,cue2.png,easy,1,,,,,,,,,
40,cue1.png,hard,3,,,,,,,,,
41,cue1.png,hard,3,,,,,,,,,
42,cue2.png,easy,1,,,,,,,,,
43,cue1.png,hard,3,,,,,,,,,
44,cue2.png,easy,1,,,,,,,,,
45,cue1.png,hard,3,,,,,,,,,
46,cue1.png,hard,3,,,,,,,,,
47,cue2.png,easy,1,,,,,,,,,
48,cue2.png,easy,1,,,,,,,,,
49,cue1.png,hard,3,,,,,,,,,
50,cue2.png,easy,1,,,,,,,,,
1,cue2.png,easy,1,,,,,,,,,
2,cue1.png,hard,3,,,,,,,,,
3,cue2.png,easy,1,,,,,,,,,
4,cue1.png,hard,3,,,,,,,,,
5,cue1.png,hard,3,,,,,,,,,
6,cue2.png,easy,1,,,,,,,,,
7,cue1.png,hard,3,,,,,,,,,
8,cue1.png,hard,3,,,,,,,,,
9,cue2.png,easy,1,,,,,,,,,
10,cue2.png,easy,1,,,,,,,,,
11,cue1.png,hard,3,,,,,,,,,
12,cue2.png,easy,1,,,,,,,,,
13,cue2.png,easy,1,,,,,,,,,
14,cue2.png,easy,1,,,,,,,,,
15,cue1.png,hard,3,,,,,,,,,
16,cue2.png,easy,1,,,,,,,,,
17,cue2.png,easy,1,,,,,,,,,
18,cue1.png,hard,3,,,,,,,,,
19,cue1.png,hard,3,,,,,,,,,
20,cue1.png,hard,3,,,,,,,,,
21,cue2.png,easy,1,,,,,,,,,
22,cue1.png,hard,3,,,,,,,,,
23,cue1.png,hard,3,,,,,,,,,
24,cue1.png,hard,3,,,,,,,,,
25,cue2.png,easy,1,,,,,,,,,
26,cue2.png,easy,1,,,,,,,,,
27,cue1.png,hard,3,,,,,,,,,
28,cue2.png,easy,1,,,,,,,,,
29,cue2.png,easy,1,,,,,,,,,
30,cue1.png,hard,3,,,,,,,,,
31,cue1.png,hard,3,,,,,,,,,
32,cue2.png,easy,1,,,,,,,,,
33,cue2.png,easy,1,,,,,,,,,
34,cue2.png,easy,1,,,,,,,,,
35,cue1.png,hard,3,,,,,,,,,
36,cue1.png,hard,3,,,,,,,,,
37,cue2.png,easy,1,,,,,,,,,
38,cue1.png,hard,3,,,,,,,,,
39,cue1.png,hard,3,,,,,,,,,
40,cue1.png,hard,3,,,,,,,,,
41,cue2.png,easy,1,,,,,,,,,
42,cue1.png,hard,3,,,,,,,,,
43,cue1.png,hard,3,,,,,,,,,
44,cue2.png,easy,1,,,,,,,,,
45,cue2.png,easy,1,,,,,,,,,
46,cue2.png,easy,1,,,,,,,,,
47,cue1.png,hard,3,,,,,,,,,
48,cue1.png,hard,3,,,,,,,,,
49,cue2.png,easy,1,,,,,,,,,
50,cue2.png,easy,1,,,,,,,,,
,,,,1,cue2.png,easy,1,cue1.png,hard,3,NA,NA
,,,,2,cue2.png,easy,1,cue1.png,hard,3,NA,NA
,,,,3,cue1.png,hard,3,cue2.png,easy,1,NA,NA
,,,,4,cue2.png,easy,1,cue1.png,hard,3,NA,NA
,,,,5,cue1.png,hard,3,cue2.png,easy,1,NA,NA
,,,,6,cue1.png,hard,3,cue2.png,easy,1,NA,NA
,,,,7,cue2.png,easy,1,cue1.png,hard,3,NA,NA
,,,,8,cue1.png,hard,3,cue2.png,easy,1,NA,NA
,,,,9,cue2.png,easy,1,cue1.png,hard,3,NA,NA
,,,,10,cue1.png,hard,3,cue2.png,easy,1,NA,NA
,,,,1,cue2.png,easy,1,cue1.png,hard,3,mid,2
,,,,2,cue1.png,hard,3,cue2.png,easy,1,mid,2
,,,,3,cue1.png,hard,3,cue2.png,easy,1,mid,2
,,,,4,cue1.png,hard,3,cue2.png,easy,1,mid,2
,,,,5,cue2.png,easy,1,cue1.png,hard,3,mid,2
,,,,6,cue1.png,hard,3,cue2.png,easy,1,mid,2
,,,,7,cue1.png,hard,3,cue2.png,easy,1,mid,2
,,,,8,cue2.png,easy,1,cue1.png,hard,3,mid,2
,,,,9,cue2.png,easy,1,cue1.png,hard,3,mid,2
,,,,10,cue1.png,hard,3,cue2.png,easy,1,mid,2
,,,,11,cue2.png,easy,1,cue1.png,hard,3,mid,2
,,,,12,cue1.png,hard,3,cue2.png,easy,1,mid,2
,,,,13,cue2.png,easy,1,cue1.png,hard,3,mid,2
,,,,14,cue1.png,hard,3,cue2.png,easy,1,mid,2
,,,,15,cue2.png,easy,1,cue1.png,hard,3,mid,2
,,,,16,cue2.png,easy,1,cue1.png,hard,3,mid,2
,,,,17,cue1.png,hard,3,cue2.png,easy,1,mid,2
,,,,18,cue1.png,hard,3,cue2.png,easy,1,mid,2
,,,,19,cue2.png,easy,1,cue1.png,hard,3,mid,2
,,,,20,cue2.png,easy,1,cue1.png,hard,3,mid,2
,,,,21,cue2.png,easy,1,cue1.png,hard,3,mid,2
,,,,22,cue1.png,hard,3,cue2.png,easy,1,mid,2
,,,,23,cue2.png,easy,1,cue1.png,hard,3,mid,2
,,,,24,cue1.png,hard,3,cue2.png,easy,1,mid,2
,,,,25,cue1.png,hard,3,cue2.png,easy,1,mid,2
,,,,26,cue2.png,easy,1,cue1.png,hard,3,mid,2
,,,,27,cue2.png,easy,1,cue1.png,hard,3,mid,2
,,,,28,cue1.png,hard,3,cue2.png,easy,1,mid,2
,,,,29,cue2.png,easy,1,cue1.png,hard,3,mid,2
,,,,30,cue2.png,easy,1,cue1.png,hard,3,mid,2
,,,,31,cue1.png,hard,3,cue2.png,easy,1,mid,2
,,,,32,cue2.png,easy,1,cue1.png,hard,3,mid,2
,,,,33,cue1.png,hard,3,cue2.png,easy,1,mid,2
,,,,34,cue1.png,hard,3,cue2.png,easy,1,mid,2
,,,,35,cue1.png,hard,3,cue2.png,easy,1,mid,2
,,,,36,cue2.png,easy,1,cue1.png,hard,3,mid,2
,,,,37,cue1.png,hard,3,cue2.png,easy,1,mid,2
,,,,38,cue2.png,easy,1,cue1.png,hard,3,mid,2
,,,,39,cue2.png,easy,1,cue1.png,hard,3,mid,2
,,,,40,cue1.png,hard,3,cue2.png,easy,1,mid,2
,,,,41,cue1.png,hard,3,cue2.png,easy,1,mid,2
,,,,42,cue2.png,easy,1,cue1.png,hard,3,mid,2
,,,,43,cue1.png,hard,3,cue2.png,easy,1,mid,2
,,,,44,cue2.png,easy,1,cue1.png,hard,3,mid,2
,,,,45,cue1.png,hard,3,cue2.png,easy,1,mid,2
,,,,46,cue1.png,hard,3,cue2.png,easy,1,mid,2
,,,,47,cue2.png,easy,1,cue1.png,hard,3,mid,2
,,,,48,cue2.png,easy,1,cue1.png,hard,3,mid,2
,,,,49,cue1.png,hard,3,cue2.png,easy,1,mid,2
,,,,50,cue2.png,easy,1,cue1.png,hard,3,mid,2
